{"train/loss": 0.4522, "train/learning_rate": 5.002137665669089e-07, "train/epoch": 1.0, "train/global_step": 2439, "_timestamp": 1708689419.5383446, "_runtime": 8382.48572063446, "_step": 27, "eval/loss": 0.39475691318511963, "eval/accuracy": 0.8875576036866359, "eval/f1": 0.8394736842105264, "eval/precision": 0.8763736263736264, "eval/recall": 0.8055555555555556, "eval/runtime": 64.8008, "eval/samples_per_second": 16.744, "eval/steps_per_second": 8.38, "train/train_runtime": 1778.929, "train/train_samples_per_second": 5.485, "train/train_steps_per_second": 1.371, "train/total_flos": 2566911456092160.0, "train/train_loss": 0.4910602667332673}