{"train/loss": 0.1169, "train/learning_rate": 4.600484261501211e-07, "train/epoch": 1.0, "train/global_step": 6295, "_timestamp": 1709209043.012043, "_runtime": 4709.659548997879, "_step": 64, "eval/loss": 0.20620355010032654, "eval/accuracy": 0.952108649035025, "eval/f1": 0.9522111269614836, "eval/precision": 0.9474804826117814, "eval/recall": 0.956989247311828, "eval/runtime": 164.4518, "eval/samples_per_second": 17.014, "eval/steps_per_second": 8.507, "train/train_runtime": 4558.3365, "train/train_samples_per_second": 5.524, "train/train_steps_per_second": 1.381, "train/total_flos": 6624873262909440.0, "train/train_loss": 0.2738232425510931}