{"train/loss": 0.5319, "train/learning_rate": 3.334758443779393e-07, "train/epoch": 1.0, "train/global_step": 2439, "_timestamp": 1705845274.173807, "_runtime": 10215.841161966324, "_step": 28, "eval/loss": 0.4328625500202179, "eval/accuracy": 0.8755760368663594, "eval/runtime": 66.0585, "eval/samples_per_second": 16.425, "eval/steps_per_second": 8.22, "train/train_runtime": 1831.9112, "train/train_samples_per_second": 5.327, "train/train_steps_per_second": 1.331, "train/total_flos": 2566911456092160.0, "train/train_loss": 0.5043635698750939}