{"train/loss": 0.1132, "train/learning_rate": 4.600484261501211e-07, "train/epoch": 1.0, "train/global_step": 6295, "_timestamp": 1709037489.8694491, "_runtime": 4578.475538253784, "_step": 64, "eval/loss": 0.19763916730880737, "eval/accuracy": 0.9567548248749107, "eval/f1": 0.9568934805842537, "eval/precision": 0.9511331444759207, "eval/recall": 0.9627240143369176, "eval/runtime": 163.2275, "eval/samples_per_second": 17.142, "eval/steps_per_second": 8.571, "train/train_runtime": 4419.8905, "train/train_samples_per_second": 5.697, "train/train_steps_per_second": 1.424, "train/total_flos": 6624873262909440.0, "train/train_loss": 0.2660789229171062}