{"train/loss": 0.524, "train/learning_rate": 3.334758443779393e-07, "train/epoch": 1.0, "train/global_step": 2439, "_timestamp": 1705905015.3700395, "_runtime": 1830.025060415268, "_step": 26, "eval/loss": 0.44539299607276917, "eval/accuracy": 0.8709677419354839, "eval/runtime": 64.4308, "eval/samples_per_second": 16.84, "eval/steps_per_second": 8.428, "train/train_runtime": 1776.058, "train/train_samples_per_second": 5.494, "train/train_steps_per_second": 1.373, "train/total_flos": 2566911456092160.0, "train/train_loss": 0.503734474448016}