{"train/loss": 0.1799, "train/learning_rate": 7.066648191769434e-08, "train/epoch": 3.0, "train/global_step": 7317, "_timestamp": 1705910847.2086506, "_runtime": 5423.502838611603, "_step": 77, "eval/loss": 0.47841086983680725, "eval/accuracy": 0.895852534562212, "eval/runtime": 66.2986, "eval/samples_per_second": 16.365, "eval/steps_per_second": 8.19, "train/train_runtime": 5364.2032, "train/train_samples_per_second": 5.457, "train/train_steps_per_second": 1.364, "train/total_flos": 7700734368276480.0, "train/train_loss": 0.32619666551426}